﻿<?xml version="1.0" encoding="UTF-8"?>
<CenoveUdaje bez_mj="n" mesic="10" rok="2020" katuze_kod_cu="732630" xmlns="http://services.cuzk.cz/xsd/cenoveUdaje/1.0" xsi:schemaLocation="http://services.cuzk.cz/xsd/cenoveUdaje/1.0 http://services.cuzk.cz/xsd/cenoveUdaje/1.0/cenoveUdaje.xsd" xmlns:gml="http://www.opengis.net/gml/3.2" xmlns:xsi="http://www.w3.org/2001/XMLSchema-instance">
  <Rizeni id="77754352010">
    <cisloRizeni>V-3053/2020-306</cisloRizeni>
    <datumPodani>2020-09-03T13:17:10</datumPodani>
    <datumZplatneni>2020-10-27T12:56:36</datumZplatneni>
    <praresKod>306</praresKod>
    <listiny>
      <Listina id="61792515010">
        <cena>1111111</cena>
        <mena>CZK</mena>
        <listinaTyp>Smlouva kupní</listinaTyp>
      </Listina>
    </listiny>
    <nemovitosti>
      <Nemovitost id="36609306" typ="JED">
        <katuzeKod>732630</katuzeKod>
        <text>č.p. 280</text>
        <popis>jednotka č. 2800009, byt v budově č.p. 280, část obce Prachatice II, na parcele st. 553 Prachatice (součástí je stavba č.p. 280, čst obce Prachatice II), podl na společnch čstech domu a pozemku 830/9570</popis>
        <bod>
          <gml:Point gml:id="P.77754352010.JED.36609306" srsName="EPSG:5514">
            <gml:pos>1156792.02 789613.68</gml:pos>
          </gml:Point>
        </bod>
        <teleso id="38308192010">
          <cislo>5454</cislo>
        </teleso>
      </Nemovitost>
    </nemovitosti>
  </Rizeni>
  <Rizeni id="78240435010">
    <cisloRizeni>V-3386/2020-306</cisloRizeni>
    <datumPodani>2020-09-30T15:22:00</datumPodani>
    <datumZplatneni>2020-10-23T09:52:37</datumZplatneni>
    <praresKod>306</praresKod>
    <listiny>
      <Listina id="62182132010">
        <cena>111111</cena>
        <mena>CZK</mena>
        <listinaTyp>Smlouva kupní</listinaTyp>
      </Listina>
    </listiny>
    <nemovitosti>
      <Nemovitost id="2783490306" typ="PAR">
        <katuzeKod>732630</katuzeKod>
        <text>901/7</text>
        <popis>č. 901/7 Prachatice</popis>
        <bod>
          <gml:Point gml:id="P.78240435010.PAR.2783490306" srsName="EPSG:5514">
            <gml:pos>1157378.6 790365.9</gml:pos>
          </gml:Point>
        </bod>
        <teleso id="748041306">
          <cislo>3443</cislo>
        </teleso>
      </Nemovitost>
    </nemovitosti>
  </Rizeni>
  <Rizeni id="77925824010">
    <cisloRizeni>V-3163/2020-306</cisloRizeni>
    <datumPodani>2020-09-14T08:08:00</datumPodani>
    <datumZplatneni>2020-10-06T09:28:05</datumZplatneni>
    <praresKod>306</praresKod>
    <listiny>
      <Listina id="61924757010">
        <cena>111</cena>
        <mena>CZK</mena>
        <listinaTyp>Smlouva kupní</listinaTyp>
      </Listina>
    </listiny>
    <nemovitosti>
      <Nemovitost id="79717819010" typ="PAR">
        <katuzeKod>732630</katuzeKod>
        <text>1091/25</text>
        <popis>č. 1091/25 Prachatice</popis>
        <bod>
          <gml:Point gml:id="P.77925824010.PAR.79717819010" srsName="EPSG:5514">
            <gml:pos>1157815.44 790031.12</gml:pos>
          </gml:Point>
        </bod>
        <teleso id="667971306">
          <cislo>3012</cislo>
        </teleso>
      </Nemovitost>
    </nemovitosti>
  </Rizeni>
  <Rizeni id="78270872010">
    <cisloRizeni>V-3400/2020-306</cisloRizeni>
    <datumPodani>2020-10-01T12:59:00</datumPodani>
    <datumZplatneni>2020-10-30T12:16:41</datumZplatneni>
    <praresKod>306</praresKod>
    <listiny>
      <Listina id="62212480010">
        <cena>111111</cena>
        <mena>CZK</mena>
        <listinaTyp>Smlouva kupní</listinaTyp>
      </Listina>
    </listiny>
    <nemovitosti>
      <Nemovitost id="3045609306" typ="PAR">
        <katuzeKod>732630</katuzeKod>
        <text>st. 2336/2</text>
        <popis>stavební č. 2336/2 Prachatice (součástí je stavba č.p. 928, čst obce Prachatice II)</popis>
        <bod>
          <gml:Point gml:id="P.78270872010.PAR.3045609306" srsName="EPSG:5514">
            <gml:pos>1156692.94 790033.48</gml:pos>
          </gml:Point>
        </bod>
        <teleso id="731821306">
          <cislo>3344</cislo>
        </teleso>
      </Nemovitost>
    </nemovitosti>
  </Rizeni>
  <Rizeni id="78117206010">
    <cisloRizeni>V-3287/2020-306</cisloRizeni>
    <datumPodani>2020-09-23T10:40:00</datumPodani>
    <datumZplatneni>2020-10-20T09:51:14</datumZplatneni>
    <praresKod>306</praresKod>
    <listiny>
      <Listina id="62076521010">
        <cena>111111</cena>
        <mena>CZK</mena>
        <listinaTyp>Smlouva kupní</listinaTyp>
      </Listina>
    </listiny>
    <nemovitosti>
      <Nemovitost id="35948909010" typ="PAR">
        <katuzeKod>732630</katuzeKod>
        <text>842/253</text>
        <popis>č. 842/253 Prachatice</popis>
        <bod>
          <gml:Point gml:id="P.78117206010.PAR.35948909010" srsName="EPSG:5514">
            <gml:pos>1156654.14 790357.77</gml:pos>
          </gml:Point>
        </bod>
        <teleso id="38081190010">
          <cislo>5451</cislo>
        </teleso>
      </Nemovitost>
    </nemovitosti>
  </Rizeni>
  <Rizeni id="78351209010">
    <cisloRizeni>V-3427/2020-306</cisloRizeni>
    <datumPodani>2020-10-05T10:52:00</datumPodani>
    <datumZplatneni>2020-10-27T09:11:56</datumZplatneni>
    <praresKod>306</praresKod>
    <listiny>
      <Listina id="62260447010">
        <cena>111111</cena>
        <mena>CZK</mena>
        <listinaTyp>Smlouva kupní</listinaTyp>
      </Listina>
    </listiny>
    <nemovitosti>
      <Nemovitost id="2779826306" typ="PAR">
        <katuzeKod>732630</katuzeKod>
        <text>st. 1151/8</text>
        <popis>stavební č. 1151/8 Prachatice (součástí je stavba budova bez čp/če, garáž)</popis>
        <bod>
          <gml:Point gml:id="P.78351209010.PAR.2779826306" srsName="EPSG:5514">
            <gml:pos>1155930.29 789955.78</gml:pos>
          </gml:Point>
        </bod>
        <teleso id="38308202010">
          <cislo>5455</cislo>
        </teleso>
      </Nemovitost>
    </nemovitosti>
  </Rizeni>
  <Rizeni id="77880176010">
    <cisloRizeni>V-3139/2020-306</cisloRizeni>
    <datumPodani>2020-09-10T08:30:00</datumPodani>
    <datumZplatneni>2020-10-02T09:43:40</datumZplatneni>
    <praresKod>306</praresKod>
    <listiny>
      <Listina id="61886098010">
        <cena>1111111</cena>
        <mena>CZK</mena>
        <listinaTyp>Smlouva kupní</listinaTyp>
      </Listina>
    </listiny>
    <nemovitosti>
      <Nemovitost id="18001306" typ="JED">
        <katuzeKod>732630</katuzeKod>
        <text>č.p. 1140</text>
        <popis>jednotka č. 11400014, byt v budově č.p. 1140, 1141, část obce Prachatice II, na parcele st. 2328/1 Prachatice (součástí je stavba č.p. 1140, 1141, čst obce Prachatice II), st. 2328/2 Prachatice, podl na společnch čstech domu a pozemku 43/2886</popis>
        <bod>
          <gml:Point gml:id="P.77880176010.JED.18001306" srsName="EPSG:5514">
            <gml:pos>1156545.36 789903.76</gml:pos>
          </gml:Point>
        </bod>
        <teleso id="37188199010">
          <cislo>5442</cislo>
        </teleso>
      </Nemovitost>
    </nemovitosti>
  </Rizeni>
  <Rizeni id="77974042010">
    <cisloRizeni>V-3204/2020-306</cisloRizeni>
    <datumPodani>2020-09-16T09:20:00</datumPodani>
    <datumZplatneni>2020-10-08T09:21:48</datumZplatneni>
    <praresKod>306</praresKod>
    <listiny>
      <Listina id="61966650010">
        <cena>1111111</cena>
        <mena>CZK</mena>
        <listinaTyp>Smlouva kupní</listinaTyp>
      </Listina>
    </listiny>
    <nemovitosti>
      <Nemovitost id="2783661306" typ="PAR">
        <katuzeKod>732630</katuzeKod>
        <text>931/4</text>
        <popis>č. 931/4 Prachatice</popis>
        <bod>
          <gml:Point gml:id="P.77974042010.PAR.2783661306" srsName="EPSG:5514">
            <gml:pos>1157482.05 790112.74</gml:pos>
          </gml:Point>
        </bod>
        <teleso id="37320188010">
          <cislo>5445</cislo>
        </teleso>
      </Nemovitost>
      <Nemovitost id="3352236306" typ="PAR">
        <katuzeKod>732630</katuzeKod>
        <text>931/17</text>
        <popis>č. 931/17 Prachatice</popis>
        <bod>
          <gml:Point gml:id="P.77974042010.PAR.3352236306" srsName="EPSG:5514">
            <gml:pos>1157469.06 790127.54</gml:pos>
          </gml:Point>
        </bod>
        <teleso id="792242306">
          <cislo>3879</cislo>
        </teleso>
      </Nemovitost>
      <Nemovitost id="23776389010" typ="JED">
        <katuzeKod>732630</katuzeKod>
        <text>č.p. 292</text>
        <popis>jednotka č. 2920004, byt v budově č.p. 292, část obce Prachatice II, na parcele st. 573 Prachatice (součástí je stavba č.p. 292, čst obce Prachatice II), podl na společnch čstech domu a pozemku 590/3626</popis>
        <bod>
          <gml:Point gml:id="P.77974042010.JED.23776389010" srsName="EPSG:5514">
            <gml:pos>1157468.86 790113.01</gml:pos>
          </gml:Point>
        </bod>
        <teleso id="37320187010">
          <cislo>5444</cislo>
        </teleso>
      </Nemovitost>
    </nemovitosti>
  </Rizeni>
  <Rizeni id="78299498010">
    <cisloRizeni>V-3416/2020-306</cisloRizeni>
    <datumPodani>2020-10-02T11:44:00</datumPodani>
    <datumZplatneni>2020-10-27T09:15:25</datumZplatneni>
    <praresKod>306</praresKod>
    <listiny>
      <Listina id="62240726010">
        <cena>111111</cena>
        <mena>CZK</mena>
        <listinaTyp>Smlouva kupní</listinaTyp>
      </Listina>
    </listiny>
    <nemovitosti>
      <Nemovitost id="2780781306" typ="PAR">
        <katuzeKod>732630</katuzeKod>
        <text>st. 1820/6</text>
        <popis>stavební č. 1820/6 Prachatice (součástí je stavba budova bez čp/če, garáž)</popis>
        <bod>
          <gml:Point gml:id="P.78299498010.PAR.2780781306" srsName="EPSG:5514">
            <gml:pos>1157496.7 790094.01</gml:pos>
          </gml:Point>
        </bod>
        <teleso id="38229223010">
          <cislo>5452</cislo>
        </teleso>
      </Nemovitost>
    </nemovitosti>
  </Rizeni>
  <Rizeni id="78117242010">
    <cisloRizeni>V-3288/2020-306</cisloRizeni>
    <datumPodani>2020-09-23T10:41:00</datumPodani>
    <datumZplatneni>2020-10-20T13:27:55</datumZplatneni>
    <praresKod>306</praresKod>
    <listiny>
      <Listina id="62076553010">
        <cena>111111</cena>
        <mena>CZK</mena>
        <listinaTyp>Smlouva kupní</listinaTyp>
      </Listina>
    </listiny>
    <nemovitosti>
      <Nemovitost id="63156142010" typ="PAR">
        <katuzeKod>732630</katuzeKod>
        <text>842/287</text>
        <popis>č. 842/287 Prachatice</popis>
        <bod>
          <gml:Point gml:id="P.78117242010.PAR.63156142010" srsName="EPSG:5514">
            <gml:pos>1156636.27 790350.84</gml:pos>
          </gml:Point>
        </bod>
        <teleso id="38081190010">
          <cislo>5451</cislo>
        </teleso>
      </Nemovitost>
    </nemovitosti>
  </Rizeni>
  <Rizeni id="78298469010">
    <cisloRizeni>V-3412/2020-306</cisloRizeni>
    <datumPodani>2020-10-02T10:50:00</datumPodani>
    <datumZplatneni>2020-10-27T10:03:16</datumZplatneni>
    <praresKod>306</praresKod>
    <listiny>
      <Listina id="62240313010">
        <cena>111111</cena>
        <mena>CZK</mena>
        <listinaTyp>Smlouva kupní</listinaTyp>
      </Listina>
    </listiny>
    <nemovitosti>
      <Nemovitost id="2783482306" typ="PAR">
        <katuzeKod>732630</katuzeKod>
        <text>899/3</text>
        <popis>č. 899/3 Prachatice</popis>
        <bod>
          <gml:Point gml:id="P.78298469010.PAR.2783482306" srsName="EPSG:5514">
            <gml:pos>1157329.14 790369.64</gml:pos>
          </gml:Point>
        </bod>
        <teleso id="746481306">
          <cislo>3440</cislo>
        </teleso>
      </Nemovitost>
    </nemovitosti>
  </Rizeni>
  <Rizeni id="78259688010">
    <cisloRizeni>V-3395/2020-306</cisloRizeni>
    <datumPodani>2020-10-01T11:05:40</datumPodani>
    <datumZplatneni>2020-10-27T09:12:44</datumZplatneni>
    <praresKod>306</praresKod>
    <listiny>
      <Listina id="62196862010">
        <cena>1111111</cena>
        <mena>CZK</mena>
        <listinaTyp>Smlouva kupní</listinaTyp>
      </Listina>
    </listiny>
    <nemovitosti>
      <Nemovitost id="2783940306" typ="PAR">
        <katuzeKod>732630</katuzeKod>
        <text>1091/7</text>
        <popis>č. 1091/7 Prachatice</popis>
        <bod>
          <gml:Point gml:id="P.78259688010.PAR.2783940306" srsName="EPSG:5514">
            <gml:pos>1157787.11 790007.75</gml:pos>
          </gml:Point>
        </bod>
        <teleso id="38308190010">
          <cislo>5453</cislo>
        </teleso>
      </Nemovitost>
      <Nemovitost id="79717815010" typ="PAR">
        <katuzeKod>732630</katuzeKod>
        <text>1091/21</text>
        <popis>č. 1091/21 Prachatice</popis>
        <bod>
          <gml:Point gml:id="P.78259688010.PAR.79717815010" srsName="EPSG:5514">
            <gml:pos>1157800.07 790002.25</gml:pos>
          </gml:Point>
        </bod>
        <teleso id="38308190010">
          <cislo>5453</cislo>
        </teleso>
      </Nemovitost>
      <Nemovitost id="79717820010" typ="PAR">
        <katuzeKod>732630</katuzeKod>
        <text>st. 3030</text>
        <popis>stavební č. 3030 Prachatice (součástí je stavba č.p. 1392, čst obce Prachatice II)</popis>
        <bod>
          <gml:Point gml:id="P.78259688010.PAR.79717820010" srsName="EPSG:5514">
            <gml:pos>1157795.39 790008.47</gml:pos>
          </gml:Point>
        </bod>
        <teleso id="38308190010">
          <cislo>5453</cislo>
        </teleso>
      </Nemovitost>
    </nemovitosti>
  </Rizeni>
  <Rizeni id="78298327010">
    <cisloRizeni>V-3411/2020-306</cisloRizeni>
    <datumPodani>2020-10-02T10:40:00</datumPodani>
    <datumZplatneni>2020-10-27T09:12:26</datumZplatneni>
    <praresKod>306</praresKod>
    <listiny>
      <Listina id="62239032010">
        <cena>111111</cena>
        <mena>CZK</mena>
        <listinaTyp>Smlouva kupní</listinaTyp>
      </Listina>
    </listiny>
    <nemovitosti>
      <Nemovitost id="2783481306" typ="PAR">
        <katuzeKod>732630</katuzeKod>
        <text>899/1</text>
        <popis>č. 899/1 Prachatice</popis>
        <bod>
          <gml:Point gml:id="P.78298327010.PAR.2783481306" srsName="EPSG:5514">
            <gml:pos>1157354.45 790368.79</gml:pos>
          </gml:Point>
        </bod>
        <teleso id="667765306">
          <cislo>2797</cislo>
        </teleso>
      </Nemovitost>
    </nemovitosti>
  </Rizeni>
</CenoveUdaje>

