﻿<?xml version="1.0" encoding="UTF-8"?>
<CenoveUdaje bez_mj="n" mesic="11" rok="2020" katuze_kod_cu="732630" xmlns="http://services.cuzk.cz/xsd/cenoveUdaje/1.0" xsi:schemaLocation="http://services.cuzk.cz/xsd/cenoveUdaje/1.0 http://services.cuzk.cz/xsd/cenoveUdaje/1.0/cenoveUdaje.xsd" xmlns:gml="http://www.opengis.net/gml/3.2" xmlns:xsi="http://www.w3.org/2001/XMLSchema-instance">
  <Rizeni id="78484272010">
    <cisloRizeni>V-3507/2020-306</cisloRizeni>
    <datumPodani>2020-10-09T08:40:00</datumPodani>
    <datumZplatneni>2020-11-05T11:31:55</datumZplatneni>
    <praresKod>306</praresKod>
    <listiny>
      <Listina id="62327491010">
        <cena>1111111</cena>
        <mena>CZK</mena>
        <listinaTyp>Smlouva kupní</listinaTyp>
      </Listina>
    </listiny>
    <nemovitosti>
      <Nemovitost id="2780888306" typ="PAR">
        <katuzeKod>732630</katuzeKod>
        <text>st. 1931</text>
        <popis>stavební č. 1931 Prachatice (součástí je stavba č.p. 868, čst obce Prachatice II)</popis>
        <bod>
          <gml:Point gml:id="P.78484272010.PAR.2780888306" srsName="EPSG:5514">
            <gml:pos>1156974.68 790291.58</gml:pos>
          </gml:Point>
        </bod>
        <teleso id="38549223010">
          <cislo>5457</cislo>
        </teleso>
      </Nemovitost>
      <Nemovitost id="2783164306" typ="PAR">
        <katuzeKod>732630</katuzeKod>
        <text>842/16</text>
        <popis>č. 842/16 Prachatice</popis>
        <bod>
          <gml:Point gml:id="P.78484272010.PAR.2783164306" srsName="EPSG:5514">
            <gml:pos>1156971.02 790306.06</gml:pos>
          </gml:Point>
        </bod>
        <teleso id="38549223010">
          <cislo>5457</cislo>
        </teleso>
      </Nemovitost>
      <Nemovitost id="2783222306" typ="PAR">
        <katuzeKod>732630</katuzeKod>
        <text>842/76</text>
        <popis>č. 842/76 Prachatice</popis>
        <bod>
          <gml:Point gml:id="P.78484272010.PAR.2783222306" srsName="EPSG:5514">
            <gml:pos>1156979.02 790282.4</gml:pos>
          </gml:Point>
        </bod>
        <teleso id="38549223010">
          <cislo>5457</cislo>
        </teleso>
      </Nemovitost>
    </nemovitosti>
  </Rizeni>
  <Rizeni id="78381323010">
    <cisloRizeni>V-3470/2020-306</cisloRizeni>
    <datumPodani>2020-10-06T10:00:00</datumPodani>
    <datumZplatneni>2020-11-04T09:14:58</datumZplatneni>
    <praresKod>306</praresKod>
    <listiny>
      <Listina id="62266817010">
        <cena>1111</cena>
        <mena>CZK</mena>
        <listinaTyp>Smlouva kupní</listinaTyp>
      </Listina>
    </listiny>
    <nemovitosti>
      <Nemovitost id="2779527306" typ="PAR">
        <katuzeKod>732630</katuzeKod>
        <text>st. 1059/11</text>
        <popis>stavební č. 1059/11 Prachatice (součástí je stavba budova bez čp/če, garáž)</popis>
        <bod>
          <gml:Point gml:id="P.78381323010.PAR.2779527306" srsName="EPSG:5514">
            <gml:pos>1158021.76 789167.7</gml:pos>
          </gml:Point>
        </bod>
        <teleso id="666018306">
          <cislo>477</cislo>
        </teleso>
      </Nemovitost>
    </nemovitosti>
  </Rizeni>
  <Rizeni id="78583203010">
    <cisloRizeni>V-3579/2020-306</cisloRizeni>
    <datumPodani>2020-10-14T08:45:00</datumPodani>
    <datumZplatneni>2020-11-11T09:18:06</datumZplatneni>
    <praresKod>306</praresKod>
    <listiny>
      <Listina id="62409087010">
        <cena>111111</cena>
        <mena>CZK</mena>
        <listinaTyp>Smlouva kupní</listinaTyp>
      </Listina>
    </listiny>
    <nemovitosti>
      <Nemovitost id="2783025306" typ="PAR">
        <katuzeKod>732630</katuzeKod>
        <text>825/16</text>
        <popis>č. 825/16 Prachatice</popis>
        <bod>
          <gml:Point gml:id="P.78583203010.PAR.2783025306" srsName="EPSG:5514">
            <gml:pos>1156314.56 790078.38</gml:pos>
          </gml:Point>
        </bod>
        <teleso id="38655270010">
          <cislo>5465</cislo>
        </teleso>
      </Nemovitost>
    </nemovitosti>
  </Rizeni>
  <Rizeni id="78473499010">
    <cisloRizeni>V-3504/2020-306</cisloRizeni>
    <datumPodani>2020-10-08T13:29:02</datumPodani>
    <datumZplatneni>2020-11-05T11:32:21</datumZplatneni>
    <praresKod>306</praresKod>
    <listiny>
      <Listina id="62320382010">
        <cena>1111111</cena>
        <mena>CZK</mena>
        <listinaTyp>Smlouva kupní</listinaTyp>
      </Listina>
    </listiny>
    <nemovitosti>
      <Nemovitost id="79717818010" typ="PAR">
        <katuzeKod>732630</katuzeKod>
        <text>1091/24</text>
        <popis>č. 1091/24 Prachatice</popis>
        <bod>
          <gml:Point gml:id="P.78473499010.PAR.79717818010" srsName="EPSG:5514">
            <gml:pos>1157814.22 790021.86</gml:pos>
          </gml:Point>
        </bod>
        <teleso id="38539198010">
          <cislo>5456</cislo>
        </teleso>
      </Nemovitost>
      <Nemovitost id="79717822010" typ="PAR">
        <katuzeKod>732630</katuzeKod>
        <text>st. 3032</text>
        <popis>stavební č. 3032 Prachatice (součástí je stavba č.p. 1390, čst obce Prachatice II)</popis>
        <bod>
          <gml:Point gml:id="P.78473499010.PAR.79717822010" srsName="EPSG:5514">
            <gml:pos>1157808.94 790015.41</gml:pos>
          </gml:Point>
        </bod>
        <teleso id="38539198010">
          <cislo>5456</cislo>
        </teleso>
      </Nemovitost>
    </nemovitosti>
  </Rizeni>
  <Rizeni id="78736835010">
    <cisloRizeni>V-3684/2020-306</cisloRizeni>
    <datumPodani>2020-10-22T10:00:00</datumPodani>
    <datumZplatneni>2020-11-19T09:58:55</datumZplatneni>
    <praresKod>306</praresKod>
    <listiny>
      <Listina id="62543544010">
        <cena>1111111</cena>
        <mena>CZK</mena>
        <listinaTyp>Smlouva kupní</listinaTyp>
      </Listina>
    </listiny>
    <nemovitosti>
      <Nemovitost id="2783902306" typ="PAR">
        <katuzeKod>732630</katuzeKod>
        <text>1081/5</text>
        <popis>č. 1081/5 Prachatice</popis>
        <bod>
          <gml:Point gml:id="P.78736835010.PAR.2783902306" srsName="EPSG:5514">
            <gml:pos>1158229.5 789897.77</gml:pos>
          </gml:Point>
        </bod>
        <teleso id="38870191010">
          <cislo>5468</cislo>
        </teleso>
      </Nemovitost>
      <Nemovitost id="2783903306" typ="PAR">
        <katuzeKod>732630</katuzeKod>
        <text>1081/6</text>
        <popis>č. 1081/6 Prachatice</popis>
        <bod>
          <gml:Point gml:id="P.78736835010.PAR.2783903306" srsName="EPSG:5514">
            <gml:pos>1158197.39 789911.5</gml:pos>
          </gml:Point>
        </bod>
        <teleso id="38870191010">
          <cislo>5468</cislo>
        </teleso>
      </Nemovitost>
    </nemovitosti>
  </Rizeni>
  <Rizeni id="78800141010">
    <cisloRizeni>V-3736/2020-306</cisloRizeni>
    <datumPodani>2020-10-26T13:00:00</datumPodani>
    <datumZplatneni>2020-11-24T17:02:28</datumZplatneni>
    <praresKod>306</praresKod>
    <listiny>
      <Listina id="62598069010">
        <cena>111111</cena>
        <mena>CZK</mena>
        <listinaTyp>Smlouva kupní</listinaTyp>
      </Listina>
    </listiny>
    <nemovitosti>
      <Nemovitost id="3066297306" typ="PAR">
        <katuzeKod>732630</katuzeKod>
        <text>st. 800/3</text>
        <popis>stavební č. 800/3 Prachatice (součástí je stavba budova bez čp/če, garáž)</popis>
        <bod>
          <gml:Point gml:id="P.78800141010.PAR.3066297306" srsName="EPSG:5514">
            <gml:pos>1157585.98 789512.99</gml:pos>
          </gml:Point>
        </bod>
        <teleso id="666972306">
          <cislo>1797</cislo>
        </teleso>
      </Nemovitost>
    </nemovitosti>
  </Rizeni>
  <Rizeni id="78298663010">
    <cisloRizeni>V-3413/2020-306</cisloRizeni>
    <datumPodani>2020-10-02T10:59:00</datumPodani>
    <datumZplatneni>2020-11-09T14:57:52</datumZplatneni>
    <praresKod>306</praresKod>
    <listiny>
      <Listina id="62219859010">
        <cena>111111</cena>
        <mena>CZK</mena>
        <listinaTyp>Smlouva kupní</listinaTyp>
      </Listina>
    </listiny>
    <nemovitosti>
      <Nemovitost id="3459402306" typ="PAR">
        <katuzeKod>732630</katuzeKod>
        <text>619/17</text>
        <popis>č. 619/17 Prachatice</popis>
        <bod>
          <gml:Point gml:id="P.78298663010.PAR.3459402306" srsName="EPSG:5514">
            <gml:pos>1156400.66 789483.65</gml:pos>
          </gml:Point>
        </bod>
        <teleso id="667761306">
          <cislo>2793</cislo>
        </teleso>
      </Nemovitost>
      <Nemovitost id="3459613306" typ="PAR">
        <katuzeKod>732630</katuzeKod>
        <text>1555/2</text>
        <popis>č. 1555/2 Prachatice</popis>
        <bod>
          <gml:Point gml:id="P.78298663010.PAR.3459613306" srsName="EPSG:5514">
            <gml:pos>1156504.56 789512.36</gml:pos>
          </gml:Point>
        </bod>
        <teleso id="667761306">
          <cislo>2793</cislo>
        </teleso>
      </Nemovitost>
    </nemovitosti>
  </Rizeni>
</CenoveUdaje>

