﻿<?xml version="1.0" encoding="UTF-8"?>
<CenoveUdaje bez_mj="n" mesic="9" rok="2020" katuze_kod_cu="732630" xmlns="http://services.cuzk.cz/xsd/cenoveUdaje/1.0" xsi:schemaLocation="http://services.cuzk.cz/xsd/cenoveUdaje/1.0 http://services.cuzk.cz/xsd/cenoveUdaje/1.0/cenoveUdaje.xsd" xmlns:gml="http://www.opengis.net/gml/3.2" xmlns:xsi="http://www.w3.org/2001/XMLSchema-instance">
  <Rizeni id="77365887010">
    <cisloRizeni>V-2991/2020-306</cisloRizeni>
    <datumPodani>2020-08-28T09:10:00</datumPodani>
    <datumZplatneni>2020-09-22T09:37:56</datumZplatneni>
    <praresKod>306</praresKod>
    <listiny>
      <Listina id="61673674010">
        <cena>11111</cena>
        <mena>CZK</mena>
        <listinaTyp>Smlouva kupní</listinaTyp>
      </Listina>
    </listiny>
    <nemovitosti>
      <Nemovitost id="2784410306" typ="PAR">
        <katuzeKod>732630</katuzeKod>
        <text>1482/1</text>
        <popis>č. 1482/1 Prachatice</popis>
        <bod>
          <gml:Point gml:id="P.77365887010.PAR.2784410306" srsName="EPSG:5514">
            <gml:pos>1160370.53 788085.92</gml:pos>
          </gml:Point>
        </bod>
        <teleso id="20333412010">
          <cislo>4861</cislo>
        </teleso>
      </Nemovitost>
    </nemovitosti>
  </Rizeni>
  <Rizeni id="77385189010">
    <cisloRizeni>V-2999/2020-306</cisloRizeni>
    <datumPodani>2020-08-28T11:20:00</datumPodani>
    <datumZplatneni>2020-09-22T09:41:32</datumZplatneni>
    <praresKod>306</praresKod>
    <listiny>
      <Listina id="61677669010">
        <cena>1111111</cena>
        <mena>CZK</mena>
        <listinaTyp>Smlouva kupní</listinaTyp>
      </Listina>
    </listiny>
    <nemovitosti>
      <Nemovitost id="27101306" typ="JED">
        <katuzeKod>732630</katuzeKod>
        <text>č.p. 425</text>
        <popis>jednotka č. 4250002, byt v budově č.p. 425, část obce Prachatice II, na parcele st. 787 Prachatice (součástí je stavba č.p. 425, čst obce Prachatice II), podl na společnch čstech domu a pozemku 8950/32954</popis>
        <bod>
          <gml:Point gml:id="P.77385189010.JED.27101306" srsName="EPSG:5514">
            <gml:pos>1157157.46 789955.47</gml:pos>
          </gml:Point>
        </bod>
        <teleso id="36787194010">
          <cislo>5438</cislo>
        </teleso>
      </Nemovitost>
    </nemovitosti>
  </Rizeni>
  <Rizeni id="77713014010">
    <cisloRizeni>V-3051/2020-306</cisloRizeni>
    <datumPodani>2020-09-03T13:18:00</datumPodani>
    <datumZplatneni>2020-09-29T10:02:40</datumZplatneni>
    <praresKod>306</praresKod>
    <listiny>
      <Listina id="61799028010">
        <cena>1111111</cena>
        <mena>CZK</mena>
        <listinaTyp>Smlouva kupní</listinaTyp>
      </Listina>
    </listiny>
    <nemovitosti>
      <Nemovitost id="2783902306" typ="PAR">
        <katuzeKod>732630</katuzeKod>
        <text>1081/5</text>
        <popis>č. 1081/5 Prachatice</popis>
        <bod>
          <gml:Point gml:id="P.77713014010.PAR.2783902306" srsName="EPSG:5514">
            <gml:pos>1158229.5 789897.77</gml:pos>
          </gml:Point>
        </bod>
        <teleso id="36857191010">
          <cislo>5440</cislo>
        </teleso>
      </Nemovitost>
      <Nemovitost id="2783903306" typ="PAR">
        <katuzeKod>732630</katuzeKod>
        <text>1081/6</text>
        <popis>č. 1081/6 Prachatice</popis>
        <bod>
          <gml:Point gml:id="P.77713014010.PAR.2783903306" srsName="EPSG:5514">
            <gml:pos>1158197.39 789911.5</gml:pos>
          </gml:Point>
        </bod>
        <teleso id="36857191010">
          <cislo>5440</cislo>
        </teleso>
      </Nemovitost>
    </nemovitosti>
  </Rizeni>
  <Rizeni id="76893214010">
    <cisloRizeni>V-2840/2020-306</cisloRizeni>
    <datumPodani>2020-08-13T10:08:00</datumPodani>
    <datumZplatneni>2020-09-04T13:00:36</datumZplatneni>
    <praresKod>306</praresKod>
    <listiny>
      <Listina id="61377544010">
        <cena>1111111</cena>
        <mena>CZK</mena>
        <listinaTyp>Smlouva kupní</listinaTyp>
      </Listina>
    </listiny>
    <nemovitosti>
      <Nemovitost id="14331060010" typ="JED">
        <katuzeKod>732630</katuzeKod>
        <text>č.p. 1096</text>
        <popis>jednotka č. 10960007, byt v budově č.p. 1096, část obce Prachatice II, na parcele st. 1592 Prachatice (součástí je stavba č.p. 1096, čst obce Prachatice II), podl na společnch čstech domu a pozemku 4130/46040</popis>
        <bod>
          <gml:Point gml:id="P.76893214010.JED.14331060010" srsName="EPSG:5514">
            <gml:pos>1157504.07 789947.11</gml:pos>
          </gml:Point>
        </bod>
        <teleso id="36233187010">
          <cislo>5434</cislo>
        </teleso>
      </Nemovitost>
    </nemovitosti>
  </Rizeni>
  <Rizeni id="77365868010">
    <cisloRizeni>V-2990/2020-306</cisloRizeni>
    <datumPodani>2020-08-28T09:09:00</datumPodani>
    <datumZplatneni>2020-09-22T09:37:50</datumZplatneni>
    <praresKod>306</praresKod>
    <listiny>
      <Listina id="61689990010">
        <cena>1111111</cena>
        <mena>CZK</mena>
        <listinaTyp>Smlouva kupní</listinaTyp>
      </Listina>
    </listiny>
    <nemovitosti>
      <Nemovitost id="2778801306" typ="PAR">
        <katuzeKod>732630</katuzeKod>
        <text>st. 456/1</text>
        <popis>stavební č. 456/1 Prachatice (součástí je stavba č.p. 245, čst obce Prachatice II)</popis>
        <bod>
          <gml:Point gml:id="P.77365868010.PAR.2778801306" srsName="EPSG:5514">
            <gml:pos>1157656.99 790053.95</gml:pos>
          </gml:Point>
        </bod>
        <teleso id="36719186010">
          <cislo>5436</cislo>
        </teleso>
      </Nemovitost>
      <Nemovitost id="2783970306" typ="PAR">
        <katuzeKod>732630</katuzeKod>
        <text>1096/3</text>
        <popis>č. 1096/3 Prachatice</popis>
        <bod>
          <gml:Point gml:id="P.77365868010.PAR.2783970306" srsName="EPSG:5514">
            <gml:pos>1157618.21 790034.89</gml:pos>
          </gml:Point>
        </bod>
        <teleso id="36719186010">
          <cislo>5436</cislo>
        </teleso>
      </Nemovitost>
    </nemovitosti>
  </Rizeni>
  <Rizeni id="77450053010">
    <cisloRizeni>V-3020/2020-306</cisloRizeni>
    <datumPodani>2020-08-31T16:18:34</datumPodani>
    <datumZplatneni>2020-09-23T09:13:35</datumZplatneni>
    <praresKod>306</praresKod>
    <listiny>
      <Listina id="61707362010">
        <cena>1111111</cena>
        <mena>CZK</mena>
        <listinaTyp>Smlouva kupní</listinaTyp>
      </Listina>
    </listiny>
    <nemovitosti>
      <Nemovitost id="29245226010" typ="JED">
        <katuzeKod>732630</katuzeKod>
        <text>č.p. 678</text>
        <popis>jednotka č. 6780014, byt v budově č.p. 678, část obce Prachatice II, na parcele st. 1447 Prachatice (součástí je stavba č.p. 678, čst obce Prachatice II), podl na společnch čstech domu a pozemku 691/25791</popis>
        <bod>
          <gml:Point gml:id="P.77450053010.JED.29245226010" srsName="EPSG:5514">
            <gml:pos>1156565.91 789722.24</gml:pos>
          </gml:Point>
        </bod>
        <teleso id="36780187010">
          <cislo>5437</cislo>
        </teleso>
      </Nemovitost>
    </nemovitosti>
  </Rizeni>
  <Rizeni id="77655656010">
    <cisloRizeni>V-3034/2020-306</cisloRizeni>
    <datumPodani>2020-09-02T16:30:00</datumPodani>
    <datumZplatneni>2020-09-25T09:18:24</datumZplatneni>
    <praresKod>306</praresKod>
    <listiny>
      <Listina id="61754866010">
        <cena>1111111</cena>
        <mena>CZK</mena>
        <listinaTyp>Smlouva kupní</listinaTyp>
      </Listina>
    </listiny>
    <nemovitosti>
      <Nemovitost id="23548500010" typ="JED">
        <katuzeKod>732630</katuzeKod>
        <text>č.p. 77</text>
        <popis>jednotka č. 790020, byt v budově č.p. 77, 78, 79, část obce Prachatice II, na parcele st. 930 Prachatice (součástí je stavba č.p. 77, 78, 79, čst obce Prachatice II), podl na společnch čstech domu a pozemku 35/1000</popis>
        <bod>
          <gml:Point gml:id="P.77655656010.JED.23548500010" srsName="EPSG:5514">
            <gml:pos>1157071.53 789508.62</gml:pos>
          </gml:Point>
        </bod>
        <teleso id="36839224010">
          <cislo>5439</cislo>
        </teleso>
      </Nemovitost>
    </nemovitosti>
  </Rizeni>
  <Rizeni id="76614004010">
    <cisloRizeni>V-2695/2020-306</cisloRizeni>
    <datumPodani>2020-08-03T13:26:00</datumPodani>
    <datumZplatneni>2020-09-03T13:34:40</datumZplatneni>
    <praresKod>306</praresKod>
    <listiny>
      <Listina id="61214130010">
        <cena>111111</cena>
        <mena>CZK</mena>
        <listinaTyp>Smlouva kupní, Smlouva o zřízení věcného břemene - bezúplatná</listinaTyp>
      </Listina>
    </listiny>
    <nemovitosti>
      <Nemovitost id="2782428306" typ="PAR">
        <katuzeKod>732630</katuzeKod>
        <text>545/7</text>
        <popis>č. 545/7 Prachatice</popis>
        <bod>
          <gml:Point gml:id="P.76614004010.PAR.2782428306" srsName="EPSG:5514">
            <gml:pos>1156858.29 789519.21</gml:pos>
          </gml:Point>
        </bod>
        <teleso id="22244616010">
          <cislo>5062</cislo>
        </teleso>
      </Nemovitost>
    </nemovitosti>
  </Rizeni>
  <Rizeni id="76944354010">
    <cisloRizeni>V-2854/2020-306</cisloRizeni>
    <datumPodani>2020-08-17T09:08:00</datumPodani>
    <datumZplatneni>2020-09-14T09:42:10</datumZplatneni>
    <praresKod>306</praresKod>
    <listiny>
      <Listina id="61411933010">
        <cena>111111</cena>
        <mena>CZK</mena>
        <listinaTyp>Smlouva kupní</listinaTyp>
      </Listina>
    </listiny>
    <nemovitosti>
      <Nemovitost id="35948908010" typ="PAR">
        <katuzeKod>732630</katuzeKod>
        <text>842/252</text>
        <popis>č. 842/252 Prachatice</popis>
        <bod>
          <gml:Point gml:id="P.76944354010.PAR.35948908010" srsName="EPSG:5514">
            <gml:pos>1156820.66 790382.4</gml:pos>
          </gml:Point>
        </bod>
        <teleso id="36539186010">
          <cislo>5435</cislo>
        </teleso>
      </Nemovitost>
    </nemovitosti>
  </Rizeni>
  <Rizeni id="76857959010">
    <cisloRizeni>V-2804/2020-306</cisloRizeni>
    <datumPodani>2020-08-12T09:10:00</datumPodani>
    <datumZplatneni>2020-09-03T13:50:21</datumZplatneni>
    <praresKod>306</praresKod>
    <listiny>
      <Listina id="61355596010">
        <cena>111111</cena>
        <mena>CZK</mena>
        <listinaTyp>Smlouva kupní</listinaTyp>
      </Listina>
    </listiny>
    <nemovitosti>
      <Nemovitost id="2779438306" typ="PAR">
        <katuzeKod>732630</katuzeKod>
        <text>st. 998</text>
        <popis>stavební č. 998 Prachatice (součástí je stavba budova bez čp/če, stavba pro rodinnou rekreaci)</popis>
        <bod>
          <gml:Point gml:id="P.76857959010.PAR.2779438306" srsName="EPSG:5514">
            <gml:pos>1158366.62 788831.97</gml:pos>
          </gml:Point>
        </bod>
        <teleso id="36162188010">
          <cislo>5432</cislo>
        </teleso>
      </Nemovitost>
    </nemovitosti>
  </Rizeni>
  <Rizeni id="77313046010">
    <cisloRizeni>V-2985/2020-306</cisloRizeni>
    <datumPodani>2020-08-27T10:00:00</datumPodani>
    <datumZplatneni>2020-09-18T09:11:41</datumZplatneni>
    <praresKod>306</praresKod>
    <listiny>
      <Listina id="61656274010">
        <cena>111111</cena>
        <mena>CZK</mena>
        <listinaTyp>Smlouva kupní</listinaTyp>
      </Listina>
    </listiny>
    <nemovitosti>
      <Nemovitost id="2780704306" typ="PAR">
        <katuzeKod>732630</katuzeKod>
        <text>st. 1760/1</text>
        <popis>stavební č. 1760/1 Prachatice (součástí je stavba budova bez čp/če, garáž)</popis>
        <bod>
          <gml:Point gml:id="P.77313046010.PAR.2780704306" srsName="EPSG:5514">
            <gml:pos>1157548.84 789986.01</gml:pos>
          </gml:Point>
        </bod>
        <teleso id="667481306">
          <cislo>2465</cislo>
        </teleso>
      </Nemovitost>
    </nemovitosti>
  </Rizeni>
  <Rizeni id="77442178010">
    <cisloRizeni>V-3015/2020-306</cisloRizeni>
    <datumPodani>2020-08-31T13:25:00</datumPodani>
    <datumZplatneni>2020-09-30T15:36:40</datumZplatneni>
    <praresKod>306</praresKod>
    <listiny>
      <Listina id="61703327010">
        <cena>1111111</cena>
        <mena>CZK</mena>
        <listinaTyp>Smlouva kupní</listinaTyp>
      </Listina>
    </listiny>
    <nemovitosti>
      <Nemovitost id="3311984306" typ="PAR">
        <katuzeKod>732630</katuzeKod>
        <text>st. 2333/2</text>
        <popis>stavební č. 2333/2 Prachatice (součástí je stavba č.p. 1325, čst obce Prachatice II)</popis>
        <bod>
          <gml:Point gml:id="P.77442178010.PAR.3311984306" srsName="EPSG:5514">
            <gml:pos>1156605.67 790075.93</gml:pos>
          </gml:Point>
        </bod>
        <teleso id="37274187010">
          <cislo>5443</cislo>
        </teleso>
      </Nemovitost>
      <Nemovitost id="3379001306" typ="PAR">
        <katuzeKod>732630</katuzeKod>
        <text>830/79</text>
        <popis>č. 830/79 Prachatice</popis>
        <bod>
          <gml:Point gml:id="P.77442178010.PAR.3379001306" srsName="EPSG:5514">
            <gml:pos>1156627.53 790070.41</gml:pos>
          </gml:Point>
        </bod>
        <teleso id="37274187010">
          <cislo>5443</cislo>
        </teleso>
      </Nemovitost>
      <Nemovitost id="3389280306" typ="PAR">
        <katuzeKod>732630</katuzeKod>
        <text>830/76</text>
        <popis>č. 830/76 Prachatice</popis>
        <bod>
          <gml:Point gml:id="P.77442178010.PAR.3389280306" srsName="EPSG:5514">
            <gml:pos>1156604.05 790086.39</gml:pos>
          </gml:Point>
        </bod>
        <teleso id="37274187010">
          <cislo>5443</cislo>
        </teleso>
      </Nemovitost>
      <Nemovitost id="23299912010" typ="PAR">
        <katuzeKod>732630</katuzeKod>
        <text>830/93</text>
        <popis>č. 830/93 Prachatice</popis>
        <bod>
          <gml:Point gml:id="P.77442178010.PAR.23299912010" srsName="EPSG:5514">
            <gml:pos>1156575.51 790063.97</gml:pos>
          </gml:Point>
        </bod>
        <teleso id="37274187010">
          <cislo>5443</cislo>
        </teleso>
      </Nemovitost>
      <Nemovitost id="70764791010" typ="PAR">
        <katuzeKod>732630</katuzeKod>
        <text>st. 2333/4</text>
        <popis>stavební č. 2333/4 Prachatice (součástí je stavba budova bez čp/če, stavba občanského vybavení)</popis>
        <bod>
          <gml:Point gml:id="P.77442178010.PAR.70764791010" srsName="EPSG:5514">
            <gml:pos>1156625.77 790076.69</gml:pos>
          </gml:Point>
        </bod>
        <teleso id="37274187010">
          <cislo>5443</cislo>
        </teleso>
      </Nemovitost>
      <Nemovitost id="70764792010" typ="PAR">
        <katuzeKod>732630</katuzeKod>
        <text>830/96</text>
        <popis>č. 830/96 Prachatice</popis>
        <bod>
          <gml:Point gml:id="P.77442178010.PAR.70764792010" srsName="EPSG:5514">
            <gml:pos>1156622.73 790088.99</gml:pos>
          </gml:Point>
        </bod>
        <teleso id="37274187010">
          <cislo>5443</cislo>
        </teleso>
      </Nemovitost>
    </nemovitosti>
  </Rizeni>
</CenoveUdaje>

